participant_id,arm,ails_score,ails_centered,stratum,lang_dominance,order_id,scenario,position,decision_quality,doc_clicks,doc_duration,prompt_count,nasa_tlx,automation_bias,confidence,task_duration_s,is_speeding,language_leakage
p_001,HINDI_ONLY,42,6.444,HIGH,0.0,2,PM_VISHWAKARMA,1,7.557920834764392,4,21.2,2,8.4,0,5,263.9,False,False
p_001,HINDI_ONLY,42,6.444,HIGH,0.0,2,PM_SVANIDHI,2,7.277520435698332,2,19.8,2,12.4,0,6,142.1,False,False
p_001,HINDI_ONLY,42,6.444,HIGH,0.0,2,PMEGP,3,9.470527895932864,5,30.5,6,16.1,1,7,118.6,False,False
p_002,ENGLISH_ONLY,43,7.444,HIGH,1.0,1,PMEGP,1,9.927733094884143,3,12.6,5,10.3,0,6,163.6,False,False
p_002,ENGLISH_ONLY,43,7.444,HIGH,1.0,1,PM_VISHWAKARMA,2,10.0,2,13.2,5,6.2,0,7,248.3,False,False
p_002,ENGLISH_ONLY,43,7.444,HIGH,1.0,1,PM_SVANIDHI,3,6.103098825477881,4,20.9,4,13.5,0,6,187.3,False,False
p_003,ENGLISH_ONLY,25,-10.556,LOW,2.0,2,PM_VISHWAKARMA,1,6.027928919319994,9,32.2,1,10.4,0,5,203.1,False,False
p_003,ENGLISH_ONLY,25,-10.556,LOW,2.0,2,PM_SVANIDHI,2,9.643479813634958,3,16.7,3,10.0,0,5,226.2,False,False
p_003,ENGLISH_ONLY,25,-10.556,LOW,2.0,2,PMEGP,3,10.0,3,26.1,3,12.8,0,7,227.9,False,False
p_004,ENGLISH_ONLY,26,-9.556,LOW,1.0,2,PM_VISHWAKARMA,1,9.391123337734598,5,26.6,2,10.6,0,7,152.5,False,False
p_004,ENGLISH_ONLY,26,-9.556,LOW,1.0,2,PM_SVANIDHI,2,10.0,4,25.8,3,13.5,0,6,146.8,False,False
p_004,ENGLISH_ONLY,26,-9.556,LOW,1.0,2,PMEGP,3,10.0,3,11.8,2,6.3,0,7,176.2,False,False
p_005,HINDI_ONLY,36,0.444,HIGH,2.0,3,PM_SVANIDHI,1,5.552795125332217,3,27.4,4,13.7,0,5,187.8,False,False
p_005,HINDI_ONLY,36,0.444,HIGH,2.0,3,PMEGP,2,7.1557420039776565,2,33.0,3,11.7,1,6,135.8,False,False
p_005,HINDI_ONLY,36,0.444,HIGH,2.0,3,PM_VISHWAKARMA,3,6.7057023717192745,0,27.4,3,13.8,0,4,217.6,False,False
p_006,CODE_SWITCHING,32,-3.556,LOW,1.0,2,PM_VISHWAKARMA,1,10.0,3,51.0,4,9.2,0,7,192.8,False,False
p_006,CODE_SWITCHING,32,-3.556,LOW,1.0,2,PM_SVANIDHI,2,7.065972168729167,2,43.6,4,7.7,0,6,140.9,False,False
p_006,CODE_SWITCHING,32,-3.556,LOW,1.0,2,PMEGP,3,10.0,6,35.5,1,7.5,0,7,199.8,False,False
p_007,HINDI_ONLY,31,-4.556,LOW,2.0,2,PM_VISHWAKARMA,1,6.437585903398327,5,29.5,3,11.0,0,4,208.5,False,False
p_007,HINDI_ONLY,31,-4.556,LOW,2.0,2,PM_SVANIDHI,2,7.221094937388128,3,15.7,4,11.9,0,5,116.5,False,False
p_007,HINDI_ONLY,31,-4.556,LOW,2.0,2,PMEGP,3,3.9781019395294246,0,12.1,4,12.7,0,4,142.1,False,False
p_008,ENGLISH_ONLY,27,-8.556,LOW,-1.0,3,PM_SVANIDHI,1,10.0,8,61.5,2,6.6,0,5,157.1,False,False
p_008,ENGLISH_ONLY,27,-8.556,LOW,-1.0,3,PMEGP,2,10.0,2,24.9,3,8.6,0,7,231.8,False,False
p_008,ENGLISH_ONLY,27,-8.556,LOW,-1.0,3,PM_VISHWAKARMA,3,10.0,3,15.9,2,4.9,0,6,165.6,False,False
p_009,CODE_SWITCHING,40,4.444,HIGH,0.0,1,PMEGP,1,10.0,7,23.4,3,7.6,0,5,80.2,False,False
p_009,CODE_SWITCHING,40,4.444,HIGH,0.0,1,PM_VISHWAKARMA,2,8.995444684899736,3,10.5,4,4.2,0,6,170.0,False,False
p_009,CODE_SWITCHING,40,4.444,HIGH,0.0,1,PM_SVANIDHI,3,10.0,5,20.2,2,12.0,0,7,261.4,False,False
p_010,CODE_SWITCHING,26,-9.556,LOW,-1.0,2,PM_VISHWAKARMA,1,10.0,4,45.0,4,9.3,1,6,147.2,False,False
p_010,CODE_SWITCHING,26,-9.556,LOW,-1.0,2,PM_SVANIDHI,2,10.0,2,26.2,2,10.6,0,6,190.9,False,False
p_010,CODE_SWITCHING,26,-9.556,LOW,-1.0,2,PMEGP,3,10.0,2,13.4,3,8.1,0,7,182.9,False,False
p_011,CODE_SWITCHING,51,15.444,HIGH,1.0,2,PM_VISHWAKARMA,1,9.572018199987655,5,27.7,2,7.9,0,6,230.6,False,False
p_011,CODE_SWITCHING,51,15.444,HIGH,1.0,2,PM_SVANIDHI,2,10.0,7,14.6,3,8.4,0,6,205.6,False,False
p_011,CODE_SWITCHING,51,15.444,HIGH,1.0,2,PMEGP,3,7.4265886778679,3,8.5,3,11.6,0,6,140.8,False,False
p_012,HINDI_ONLY,36,0.444,HIGH,3.0,2,PM_VISHWAKARMA,1,4.307534593923936,4,22.3,2,13.6,0,5,258.0,False,False
p_012,HINDI_ONLY,36,0.444,HIGH,3.0,2,PM_SVANIDHI,2,6.977162992735663,1,19.2,4,15.9,0,4,129.3,False,False
p_012,HINDI_ONLY,36,0.444,HIGH,3.0,2,PMEGP,3,9.284407714113845,3,45.0,2,10.0,0,5,200.5,False,False
p_013,HINDI_ONLY,29,-6.556,LOW,1.0,1,PMEGP,1,7.151260721129199,1,18.3,2,13.7,0,5,156.1,False,False
p_013,HINDI_ONLY,29,-6.556,LOW,1.0,1,PM_VISHWAKARMA,2,4.791432986627001,3,19.9,2,6.7,0,5,137.1,False,False
p_013,HINDI_ONLY,29,-6.556,LOW,1.0,1,PM_SVANIDHI,3,2.8583465680752926,2,60.4,3,13.2,0,1,164.5,False,False
p_014,HINDI_ONLY,38,2.444,HIGH,-3.0,2,PM_VISHWAKARMA,1,6.288369156020763,5,37.8,2,8.9,0,6,115.9,False,False
p_014,HINDI_ONLY,38,2.444,HIGH,-3.0,2,PM_SVANIDHI,2,8.67573372108927,2,23.7,3,11.2,0,6,106.7,False,False
p_014,HINDI_ONLY,38,2.444,HIGH,-3.0,2,PMEGP,3,3.6214701874917936,2,18.1,2,14.5,0,3,94.8,False,False
p_015,CODE_SWITCHING,34,-1.556,LOW,-3.0,1,PMEGP,1,10.0,6,30.9,3,8.7,0,7,136.6,False,False
p_015,CODE_SWITCHING,34,-1.556,LOW,-3.0,1,PM_VISHWAKARMA,2,10.0,2,75.3,2,9.0,0,7,182.6,False,False
p_015,CODE_SWITCHING,34,-1.556,LOW,-3.0,1,PM_SVANIDHI,3,10.0,3,52.5,3,9.5,0,5,142.8,False,False
p_016,ENGLISH_ONLY,35,-0.556,LOW,4.0,1,PMEGP,1,9.64093707567341,4,37.1,3,12.3,0,5,192.5,False,False
p_016,ENGLISH_ONLY,35,-0.556,LOW,4.0,1,PM_VISHWAKARMA,2,10.0,8,33.2,5,6.6,0,4,151.7,False,False
p_016,ENGLISH_ONLY,35,-0.556,LOW,4.0,1,PM_SVANIDHI,3,7.33646287843845,4,16.2,2,8.5,0,7,57.2,False,False
p_017,CODE_SWITCHING,47,11.444,HIGH,-2.0,2,PM_VISHWAKARMA,1,8.476233649535613,3,20.4,5,9.3,0,4,147.5,False,False
p_017,CODE_SWITCHING,47,11.444,HIGH,-2.0,2,PM_SVANIDHI,2,10.0,4,46.1,4,9.7,0,6,214.4,False,False
p_017,CODE_SWITCHING,47,11.444,HIGH,-2.0,2,PMEGP,3,10.0,4,64.3,3,10.3,0,4,258.1,False,False
p_018,CODE_SWITCHING,44,8.444,HIGH,2.0,2,PM_VISHWAKARMA,1,6.3406087031403535,3,12.4,2,12.7,0,6,198.9,False,False
p_018,CODE_SWITCHING,44,8.444,HIGH,2.0,2,PM_SVANIDHI,2,8.100460254835154,3,12.6,6,7.7,0,6,98.7,False,False
p_018,CODE_SWITCHING,44,8.444,HIGH,2.0,2,PMEGP,3,10.0,4,7.9,5,7.3,0,5,277.9,False,False
p_019,HINDI_ONLY,47,11.444,HIGH,-1.0,3,PM_SVANIDHI,1,7.1305803071627425,5,18.0,2,16.3,0,4,161.7,False,False
p_019,HINDI_ONLY,47,11.444,HIGH,-1.0,3,PMEGP,2,8.58264524016874,4,19.4,3,14.4,0,7,141.6,False,False
p_019,HINDI_ONLY,47,11.444,HIGH,-1.0,3,PM_VISHWAKARMA,3,7.311892900838368,7,10.2,2,14.5,0,5,228.7,False,False
p_020,CODE_SWITCHING,32,-3.556,LOW,0.0,3,PM_SVANIDHI,1,9.308949891171684,5,37.2,1,9.4,0,5,248.1,False,False
p_020,CODE_SWITCHING,32,-3.556,LOW,0.0,3,PMEGP,2,8.735139285224085,4,87.9,3,13.5,0,4,182.3,False,False
p_020,CODE_SWITCHING,32,-3.556,LOW,0.0,3,PM_VISHWAKARMA,3,10.0,6,43.1,6,12.4,0,7,277.1,False,False
p_021,HINDI_ONLY,24,-11.556,LOW,0.0,2,PM_VISHWAKARMA,1,8.523187103939339,1,6.9,7,10.4,0,5,153.9,False,False
p_021,HINDI_ONLY,24,-11.556,LOW,0.0,2,PM_SVANIDHI,2,5.869426310665007,3,15.8,5,10.3,0,2,224.9,False,False
p_021,HINDI_ONLY,24,-11.556,LOW,0.0,2,PMEGP,3,6.4442624630576955,3,35.0,3,15.4,0,7,203.4,False,False
p_022,ENGLISH_ONLY,24,-11.556,LOW,0.0,3,PM_SVANIDHI,1,8.665236269416614,6,34.7,4,11.7,0,7,114.7,False,False
p_022,ENGLISH_ONLY,24,-11.556,LOW,0.0,3,PMEGP,2,7.966714518198811,5,21.9,1,10.1,0,5,241.9,False,False
p_022,ENGLISH_ONLY,24,-11.556,LOW,0.0,3,PM_VISHWAKARMA,3,10.0,3,40.2,2,8.7,1,7,194.0,False,False
p_023,HINDI_ONLY,31,-4.556,LOW,-2.0,3,PM_SVANIDHI,1,8.665596056130134,1,41.4,2,14.2,0,3,112.6,False,False
p_023,HINDI_ONLY,31,-4.556,LOW,-2.0,3,PMEGP,2,6.7152778751595115,4,22.6,3,15.3,1,7,209.3,False,False
p_023,HINDI_ONLY,31,-4.556,LOW,-2.0,3,PM_VISHWAKARMA,3,5.404184806112002,2,30.7,4,15.4,0,6,268.4,False,False
p_024,ENGLISH_ONLY,37,1.444,HIGH,-1.0,2,PM_VISHWAKARMA,1,6.293035936603236,2,7.5,2,11.3,0,3,150.4,False,False
p_024,ENGLISH_ONLY,37,1.444,HIGH,-1.0,2,PM_SVANIDHI,2,6.145489043403117,6,59.4,3,10.9,0,7,139.4,False,False
p_024,ENGLISH_ONLY,37,1.444,HIGH,-1.0,2,PMEGP,3,10.0,1,17.8,2,10.4,0,5,170.5,False,False
p_025,CODE_SWITCHING,36,0.444,HIGH,0.0,3,PM_SVANIDHI,1,10.0,2,31.9,7,8.0,0,6,155.0,False,False
p_025,CODE_SWITCHING,36,0.444,HIGH,0.0,3,PMEGP,2,6.4473006010952085,6,9.8,3,7.1,0,6,195.0,False,False
p_025,CODE_SWITCHING,36,0.444,HIGH,0.0,3,PM_VISHWAKARMA,3,10.0,5,16.5,4,7.9,0,6,198.2,False,False
p_026,CODE_SWITCHING,45,9.444,HIGH,3.0,3,PM_SVANIDHI,1,10.0,1,9.2,3,8.8,0,6,236.4,False,False
p_026,CODE_SWITCHING,45,9.444,HIGH,3.0,3,PMEGP,2,8.234015735942204,5,17.0,2,12.8,0,4,111.4,False,False
p_026,CODE_SWITCHING,45,9.444,HIGH,3.0,3,PM_VISHWAKARMA,3,10.0,3,36.3,4,6.3,0,7,188.5,False,False
p_027,ENGLISH_ONLY,29,-6.556,LOW,-2.0,2,PM_VISHWAKARMA,1,7.343385827464241,6,12.4,3,8.5,0,6,199.3,False,False
p_027,ENGLISH_ONLY,29,-6.556,LOW,-2.0,2,PM_SVANIDHI,2,10.0,4,23.9,2,9.7,0,4,148.8,False,False
p_027,ENGLISH_ONLY,29,-6.556,LOW,-2.0,2,PMEGP,3,10.0,1,12.3,5,9.5,0,4,156.7,False,False
p_028,ENGLISH_ONLY,34,-1.556,LOW,-1.0,1,PMEGP,1,7.146170823623407,3,25.5,2,11.7,0,5,298.6,False,False
p_028,ENGLISH_ONLY,34,-1.556,LOW,-1.0,1,PM_VISHWAKARMA,2,7.577027931539647,10,39.5,5,12.1,0,4,282.0,False,False
p_028,ENGLISH_ONLY,34,-1.556,LOW,-1.0,1,PM_SVANIDHI,3,5.174895762864044,4,55.8,2,5.8,0,5,150.5,False,False
p_029,ENGLISH_ONLY,34,-1.556,LOW,-1.0,3,PM_SVANIDHI,1,9.136023280286876,2,22.4,1,9.4,0,6,185.1,False,False
p_029,ENGLISH_ONLY,34,-1.556,LOW,-1.0,3,PMEGP,2,10.0,9,26.0,2,9.6,0,7,193.3,False,False
p_029,ENGLISH_ONLY,34,-1.556,LOW,-1.0,3,PM_VISHWAKARMA,3,7.315224178674078,4,36.7,3,6.5,0,5,178.2,False,False
p_030,HINDI_ONLY,41,5.444,HIGH,-1.0,2,PM_VISHWAKARMA,1,10.0,4,52.0,2,17.5,1,4,207.7,False,False
p_030,HINDI_ONLY,41,5.444,HIGH,-1.0,2,PM_SVANIDHI,2,8.382284812947805,2,18.5,4,14.2,1,7,118.0,False,False
p_030,HINDI_ONLY,41,5.444,HIGH,-1.0,2,PMEGP,3,6.735698036356118,3,46.0,5,9.8,0,7,139.7,False,False
p_031,ENGLISH_ONLY,36,0.444,HIGH,4.0,2,PM_VISHWAKARMA,1,9.044771071564242,4,15.7,3,7.1,0,4,212.0,False,False
p_031,ENGLISH_ONLY,36,0.444,HIGH,4.0,2,PM_SVANIDHI,2,7.513563825150142,3,14.0,2,7.5,0,6,143.0,False,False
p_031,ENGLISH_ONLY,36,0.444,HIGH,4.0,2,PMEGP,3,9.688615698833011,4,7.2,4,12.1,0,5,199.8,False,False
p_032,ENGLISH_ONLY,36,0.444,HIGH,1.0,3,PM_SVANIDHI,1,10.0,2,36.7,6,12.3,0,6,170.6,False,False
p_032,ENGLISH_ONLY,36,0.444,HIGH,1.0,3,PMEGP,2,9.666352871420843,3,22.6,4,6.0,0,6,160.6,False,False
p_032,ENGLISH_ONLY,36,0.444,HIGH,1.0,3,PM_VISHWAKARMA,3,10.0,1,44.9,5,5.6,0,7,133.3,False,False
p_033,ENGLISH_ONLY,33,-2.556,LOW,2.0,3,PM_SVANIDHI,1,10.0,4,22.9,1,9.2,0,7,220.7,False,False
p_033,ENGLISH_ONLY,33,-2.556,LOW,2.0,3,PMEGP,2,10.0,7,17.7,4,10.2,0,5,203.7,False,False
p_033,ENGLISH_ONLY,33,-2.556,LOW,2.0,3,PM_VISHWAKARMA,3,10.0,2,96.5,3,8.7,0,6,185.3,False,False
p_034,CODE_SWITCHING,40,4.444,HIGH,-2.0,3,PM_SVANIDHI,1,10.0,1,51.1,4,5.9,0,7,214.4,False,False
p_034,CODE_SWITCHING,40,4.444,HIGH,-2.0,3,PMEGP,2,8.55001740073485,1,65.1,4,9.1,0,4,194.2,False,False
p_034,CODE_SWITCHING,40,4.444,HIGH,-2.0,3,PM_VISHWAKARMA,3,3.8347389754658554,1,21.2,4,10.9,0,3,163.1,False,False
p_035,CODE_SWITCHING,37,1.444,HIGH,0.0,2,PM_VISHWAKARMA,1,10.0,3,38.7,3,4.4,0,7,126.3,False,False
p_035,CODE_SWITCHING,37,1.444,HIGH,0.0,2,PM_SVANIDHI,2,10.0,2,35.2,3,10.8,0,5,246.8,False,False
p_035,CODE_SWITCHING,37,1.444,HIGH,0.0,2,PMEGP,3,10.0,5,20.1,2,7.3,0,5,186.9,False,False
p_036,CODE_SWITCHING,31,-4.556,LOW,3.0,2,PM_VISHWAKARMA,1,9.801448842027767,3,25.7,3,8.7,1,6,173.1,False,False
p_036,CODE_SWITCHING,31,-4.556,LOW,3.0,2,PM_SVANIDHI,2,7.474960123146508,4,31.8,3,10.8,0,6,172.3,False,False
p_036,CODE_SWITCHING,31,-4.556,LOW,3.0,2,PMEGP,3,8.098453558775642,2,40.8,3,8.9,0,7,166.9,False,False
p_037,ENGLISH_ONLY,40,4.444,HIGH,1.0,3,PM_SVANIDHI,1,10.0,5,10.5,4,10.9,0,6,134.0,False,False
p_037,ENGLISH_ONLY,40,4.444,HIGH,1.0,3,PMEGP,2,9.154923780991835,5,29.9,1,9.0,0,6,249.2,False,False
p_037,ENGLISH_ONLY,40,4.444,HIGH,1.0,3,PM_VISHWAKARMA,3,10.0,5,11.2,4,7.2,0,7,195.9,False,False
p_038,HINDI_ONLY,38,2.444,HIGH,3.0,2,PM_VISHWAKARMA,1,10.0,3,20.2,2,9.1,0,6,185.7,False,False
p_038,HINDI_ONLY,38,2.444,HIGH,3.0,2,PM_SVANIDHI,2,6.57198288026246,6,60.6,3,13.7,0,5,217.3,False,False
p_038,HINDI_ONLY,38,2.444,HIGH,3.0,2,PMEGP,3,9.36109526307403,3,11.2,5,11.0,0,7,180.0,False,False
p_039,HINDI_ONLY,33,-2.556,LOW,0.0,2,PM_VISHWAKARMA,1,5.436082469590525,1,27.2,2,13.8,0,6,196.5,False,False
p_039,HINDI_ONLY,33,-2.556,LOW,0.0,2,PM_SVANIDHI,2,6.1457739635803,5,45.5,2,13.1,0,5,186.2,False,False
p_039,HINDI_ONLY,33,-2.556,LOW,0.0,2,PMEGP,3,7.646754907277417,4,76.0,6,16.5,0,4,144.9,False,False
p_040,ENGLISH_ONLY,38,2.444,HIGH,2.0,1,PMEGP,1,10.0,7,23.5,7,7.5,0,7,118.3,False,False
p_040,ENGLISH_ONLY,38,2.444,HIGH,2.0,1,PM_VISHWAKARMA,2,9.45647392009,9,18.9,5,12.1,0,5,88.2,False,False
p_040,ENGLISH_ONLY,38,2.444,HIGH,2.0,1,PM_SVANIDHI,3,8.974943127270855,7,28.1,3,10.7,1,5,174.3,False,False
p_041,ENGLISH_ONLY,34,-1.556,LOW,4.0,3,PM_SVANIDHI,1,10.0,4,37.4,4,9.5,0,4,184.5,False,False
p_041,ENGLISH_ONLY,34,-1.556,LOW,4.0,3,PMEGP,2,8.539722050242407,4,5.4,5,9.4,0,6,258.5,False,False
p_041,ENGLISH_ONLY,34,-1.556,LOW,4.0,3,PM_VISHWAKARMA,3,10.0,7,50.4,5,10.0,0,4,261.8,False,False
p_042,HINDI_ONLY,38,2.444,HIGH,3.0,2,PM_VISHWAKARMA,1,7.825577767027759,3,30.6,5,15.5,0,4,150.5,False,False
p_042,HINDI_ONLY,38,2.444,HIGH,3.0,2,PM_SVANIDHI,2,7.971241683353642,3,19.8,6,11.8,0,4,122.0,False,False
p_042,HINDI_ONLY,38,2.444,HIGH,3.0,2,PMEGP,3,8.511826798338566,2,20.3,3,11.7,0,5,157.4,False,False
p_043,HINDI_ONLY,42,6.444,HIGH,1.0,3,PM_SVANIDHI,1,9.672558773031927,5,8.3,4,12.6,0,5,228.0,False,False
p_043,HINDI_ONLY,42,6.444,HIGH,1.0,3,PMEGP,2,6.944746844319944,2,25.0,4,14.9,0,7,208.6,False,False
p_043,HINDI_ONLY,42,6.444,HIGH,1.0,3,PM_VISHWAKARMA,3,6.92653528814117,2,73.2,5,16.9,0,4,211.9,False,False
p_044,ENGLISH_ONLY,24,-11.556,LOW,-1.0,2,PM_VISHWAKARMA,1,10.0,1,36.2,4,7.7,0,7,157.2,False,False
p_044,ENGLISH_ONLY,24,-11.556,LOW,-1.0,2,PM_SVANIDHI,2,6.452337873610513,5,36.2,3,8.2,0,6,167.9,False,False
p_044,ENGLISH_ONLY,24,-11.556,LOW,-1.0,2,PMEGP,3,10.0,1,62.5,7,9.0,0,5,165.7,False,False
p_045,HINDI_ONLY,32,-3.556,LOW,0.0,3,PM_SVANIDHI,1,7.543031772892345,2,25.5,6,12.9,0,6,137.1,False,False
p_045,HINDI_ONLY,32,-3.556,LOW,0.0,3,PMEGP,2,8.071514143940387,4,30.6,6,14.7,0,5,142.1,False,False
p_045,HINDI_ONLY,32,-3.556,LOW,0.0,3,PM_VISHWAKARMA,3,7.0160216614165565,2,35.2,3,12.2,1,5,247.7,False,False
p_046,HINDI_ONLY,36,0.444,HIGH,-1.0,1,PMEGP,1,5.165133435884649,1,21.6,1,14.9,0,3,281.5,False,False
p_046,HINDI_ONLY,36,0.444,HIGH,-1.0,1,PM_VISHWAKARMA,2,8.58942945339091,2,15.1,2,11.5,0,7,191.7,False,False
p_046,HINDI_ONLY,36,0.444,HIGH,-1.0,1,PM_SVANIDHI,3,7.786877227671075,3,19.5,4,10.9,0,5,214.9,False,False
p_047,ENGLISH_ONLY,44,8.444,HIGH,5.0,2,PM_VISHWAKARMA,1,8.508020362701961,4,32.4,7,7.3,0,7,120.2,False,False
p_047,ENGLISH_ONLY,44,8.444,HIGH,5.0,2,PM_SVANIDHI,2,10.0,7,37.6,3,11.4,0,5,177.5,False,False
p_047,ENGLISH_ONLY,44,8.444,HIGH,5.0,2,PMEGP,3,9.523366352086072,5,67.7,1,8.0,1,7,245.4,False,False
p_048,CODE_SWITCHING,49,13.444,HIGH,-3.0,1,PMEGP,1,9.215644370865215,4,27.9,6,8.6,0,5,176.5,False,False
p_048,CODE_SWITCHING,49,13.444,HIGH,-3.0,1,PM_VISHWAKARMA,2,10.0,3,25.3,4,11.7,0,5,107.3,False,False
p_048,CODE_SWITCHING,49,13.444,HIGH,-3.0,1,PM_SVANIDHI,3,9.379941568133205,2,28.5,4,8.3,0,6,160.3,False,False
p_049,HINDI_ONLY,40,4.444,HIGH,2.0,2,PM_VISHWAKARMA,1,6.608301234113121,3,18.2,4,11.1,1,5,226.5,False,False
p_049,HINDI_ONLY,40,4.444,HIGH,2.0,2,PM_SVANIDHI,2,9.485969062469227,2,25.0,3,14.7,0,6,155.7,False,False
p_049,HINDI_ONLY,40,4.444,HIGH,2.0,2,PMEGP,3,7.477819681946456,4,11.1,4,9.6,0,3,126.5,False,False
p_050,ENGLISH_ONLY,48,12.444,HIGH,3.0,3,PM_SVANIDHI,1,10.0,4,9.0,1,9.3,0,7,215.1,False,False
p_050,ENGLISH_ONLY,48,12.444,HIGH,3.0,3,PMEGP,2,10.0,1,18.9,4,6.2,0,5,102.7,False,False
p_050,ENGLISH_ONLY,48,12.444,HIGH,3.0,3,PM_VISHWAKARMA,3,8.44569598564242,8,35.2,5,4.5,0,5,200.1,False,False
p_051,HINDI_ONLY,42,6.444,HIGH,-1.0,3,PM_SVANIDHI,1,6.550898355337885,2,13.7,6,15.4,0,5,186.4,False,False
p_051,HINDI_ONLY,42,6.444,HIGH,-1.0,3,PMEGP,2,8.814398256342162,5,14.0,9,13.0,0,7,157.6,False,False
p_051,HINDI_ONLY,42,6.444,HIGH,-1.0,3,PM_VISHWAKARMA,3,7.293998630240948,2,32.2,4,15.4,0,5,126.1,False,False
p_052,ENGLISH_ONLY,45,9.444,HIGH,1.0,2,PM_VISHWAKARMA,1,7.422683652621322,2,37.1,2,8.5,0,6,123.6,False,False
p_052,ENGLISH_ONLY,45,9.444,HIGH,1.0,2,PM_SVANIDHI,2,10.0,4,21.8,4,14.7,0,7,140.6,False,False
p_052,ENGLISH_ONLY,45,9.444,HIGH,1.0,2,PMEGP,3,8.025254988252087,7,49.5,2,10.5,0,6,238.7,False,False
p_053,ENGLISH_ONLY,46,10.444,HIGH,-3.0,3,PM_SVANIDHI,1,10.0,5,10.2,2,9.6,0,4,155.0,False,False
p_053,ENGLISH_ONLY,46,10.444,HIGH,-3.0,3,PMEGP,2,10.0,6,17.0,2,10.4,0,5,208.1,False,False
p_053,ENGLISH_ONLY,46,10.444,HIGH,-3.0,3,PM_VISHWAKARMA,3,10.0,3,17.7,4,7.8,0,6,130.0,False,False
p_054,ENGLISH_ONLY,30,-5.556,LOW,1.0,3,PM_SVANIDHI,1,10.0,4,65.8,1,7.2,0,4,219.8,False,False
p_054,ENGLISH_ONLY,30,-5.556,LOW,1.0,3,PMEGP,2,10.0,5,56.9,3,11.2,0,6,123.5,False,False
p_054,ENGLISH_ONLY,30,-5.556,LOW,1.0,3,PM_VISHWAKARMA,3,9.874724089667385,6,28.7,8,7.9,0,6,210.0,False,False
p_055,ENGLISH_ONLY,31,-4.556,LOW,-1.0,1,PMEGP,1,9.065985888343906,3,32.9,10,9.5,0,4,135.8,False,False
p_055,ENGLISH_ONLY,31,-4.556,LOW,-1.0,1,PM_VISHWAKARMA,2,10.0,5,44.5,3,12.4,0,4,229.3,False,False
p_055,ENGLISH_ONLY,31,-4.556,LOW,-1.0,1,PM_SVANIDHI,3,10.0,4,12.0,1,10.5,0,5,82.7,False,False
p_056,CODE_SWITCHING,38,2.444,HIGH,-1.0,1,PMEGP,1,8.703717786207841,4,9.1,3,9.1,0,4,216.8,False,False
p_056,CODE_SWITCHING,38,2.444,HIGH,-1.0,1,PM_VISHWAKARMA,2,8.238925579412083,4,13.9,1,11.3,0,5,219.6,False,False
p_056,CODE_SWITCHING,38,2.444,HIGH,-1.0,1,PM_SVANIDHI,3,8.060252683690148,7,18.1,5,14.5,0,7,288.8,False,False
p_057,CODE_SWITCHING,25,-10.556,LOW,4.0,2,PM_VISHWAKARMA,1,7.16780349708909,0,33.6,4,10.5,0,5,166.5,False,False
p_057,CODE_SWITCHING,25,-10.556,LOW,4.0,2,PM_SVANIDHI,2,10.0,8,73.6,2,12.0,0,6,179.0,False,False
p_057,CODE_SWITCHING,25,-10.556,LOW,4.0,2,PMEGP,3,10.0,7,9.5,2,9.2,0,5,191.6,False,False
p_058,ENGLISH_ONLY,48,12.444,HIGH,2.0,3,PM_SVANIDHI,1,10.0,4,20.7,4,9.4,0,7,215.4,False,False
p_058,ENGLISH_ONLY,48,12.444,HIGH,2.0,3,PMEGP,2,7.324125585461911,5,22.4,4,9.2,0,6,209.0,False,False
p_058,ENGLISH_ONLY,48,12.444,HIGH,2.0,3,PM_VISHWAKARMA,3,10.0,4,14.3,4,8.7,0,6,153.4,False,False
p_059,HINDI_ONLY,27,-8.556,LOW,2.0,1,PMEGP,1,6.8337289389346285,5,15.4,4,11.9,0,5,128.9,False,False
p_059,HINDI_ONLY,27,-8.556,LOW,2.0,1,PM_VISHWAKARMA,2,6.105844692969308,4,39.2,5,16.5,0,1,271.9,False,False
p_059,HINDI_ONLY,27,-8.556,LOW,2.0,1,PM_SVANIDHI,3,8.548727839107297,2,28.5,5,12.2,0,7,217.5,False,False
p_060,CODE_SWITCHING,41,5.444,HIGH,4.0,3,PM_SVANIDHI,1,10.0,4,13.1,7,5.0,0,6,185.0,False,False
p_060,CODE_SWITCHING,41,5.444,HIGH,4.0,3,PMEGP,2,10.0,8,5.0,2,11.0,0,5,202.0,False,False
p_060,CODE_SWITCHING,41,5.444,HIGH,4.0,3,PM_VISHWAKARMA,3,9.910475279399362,2,32.3,3,14.1,1,6,254.3,False,False
p_061,ENGLISH_ONLY,32,-3.556,LOW,1.0,1,PMEGP,1,6.596364006459178,10,38.3,5,10.9,0,5,223.7,False,False
p_061,ENGLISH_ONLY,32,-3.556,LOW,1.0,1,PM_VISHWAKARMA,2,9.385457482800224,2,35.3,3,7.8,0,6,164.1,False,False
p_061,ENGLISH_ONLY,32,-3.556,LOW,1.0,1,PM_SVANIDHI,3,6.258366799755958,8,21.9,6,10.2,0,7,216.0,False,False
p_062,HINDI_ONLY,17,-18.556,LOW,-4.0,3,PM_SVANIDHI,1,7.397164462166796,6,37.4,2,13.4,1,7,191.8,False,False
p_062,HINDI_ONLY,17,-18.556,LOW,-4.0,3,PMEGP,2,7.241470019957161,8,34.8,2,13.5,0,5,159.0,False,False
p_062,HINDI_ONLY,17,-18.556,LOW,-4.0,3,PM_VISHWAKARMA,3,7.481329663881218,1,59.1,5,15.0,0,4,84.2,False,False
p_063,ENGLISH_ONLY,23,-12.556,LOW,2.0,3,PM_SVANIDHI,1,10.0,7,20.3,3,13.2,0,6,207.6,False,False
p_063,ENGLISH_ONLY,23,-12.556,LOW,2.0,3,PMEGP,2,7.626547598027266,3,11.1,8,9.6,0,5,144.5,False,False
p_063,ENGLISH_ONLY,23,-12.556,LOW,2.0,3,PM_VISHWAKARMA,3,8.926250645831445,6,10.3,3,11.7,0,4,205.7,False,False
p_064,ENGLISH_ONLY,35,-0.556,LOW,-3.0,1,PMEGP,1,8.709574382287425,3,21.1,7,10.2,1,7,140.3,False,False
p_064,ENGLISH_ONLY,35,-0.556,LOW,-3.0,1,PM_VISHWAKARMA,2,8.1765850571511,6,8.5,4,8.5,0,6,183.2,False,False
p_064,ENGLISH_ONLY,35,-0.556,LOW,-3.0,1,PM_SVANIDHI,3,10.0,3,19.3,6,6.8,0,7,155.8,False,False
p_065,CODE_SWITCHING,38,2.444,HIGH,2.0,2,PM_VISHWAKARMA,1,6.064328581244145,3,43.9,2,16.4,0,6,134.6,False,False
p_065,CODE_SWITCHING,38,2.444,HIGH,2.0,2,PM_SVANIDHI,2,9.912515436319412,1,16.2,4,8.3,0,7,137.7,False,False
p_065,CODE_SWITCHING,38,2.444,HIGH,2.0,2,PMEGP,3,7.318562438928796,0,20.4,4,8.9,0,4,173.3,False,False
p_066,CODE_SWITCHING,25,-10.556,LOW,-2.0,1,PMEGP,1,6.6487315122777115,2,18.7,3,12.3,0,5,153.9,False,False
p_066,CODE_SWITCHING,25,-10.556,LOW,-2.0,1,PM_VISHWAKARMA,2,10.0,1,26.3,4,6.0,0,6,83.2,False,False
p_066,CODE_SWITCHING,25,-10.556,LOW,-2.0,1,PM_SVANIDHI,3,10.0,3,11.7,8,13.5,0,7,193.8,False,False
p_067,ENGLISH_ONLY,41,5.444,HIGH,-2.0,3,PM_SVANIDHI,1,10.0,9,18.8,5,15.4,0,7,164.8,False,False
p_067,ENGLISH_ONLY,41,5.444,HIGH,-2.0,3,PMEGP,2,10.0,3,33.2,1,10.1,0,7,165.6,False,False
p_067,ENGLISH_ONLY,41,5.444,HIGH,-2.0,3,PM_VISHWAKARMA,3,10.0,4,36.5,1,8.7,0,7,203.9,False,False
p_068,HINDI_ONLY,33,-2.556,LOW,0.0,1,PMEGP,1,6.400154201451887,5,12.3,1,8.5,1,5,178.0,False,False
p_068,HINDI_ONLY,33,-2.556,LOW,0.0,1,PM_VISHWAKARMA,2,4.0680579539138515,1,11.2,3,14.8,0,6,231.6,False,False
p_068,HINDI_ONLY,33,-2.556,LOW,0.0,1,PM_SVANIDHI,3,5.117276230464246,5,30.6,4,8.7,0,5,136.9,False,False
p_069,CODE_SWITCHING,15,-20.556,LOW,1.0,2,PM_VISHWAKARMA,1,10.0,4,34.5,4,10.2,0,6,291.2,False,False
p_069,CODE_SWITCHING,15,-20.556,LOW,1.0,2,PM_SVANIDHI,2,10.0,6,64.1,2,13.4,0,3,237.6,False,False
p_069,CODE_SWITCHING,15,-20.556,LOW,1.0,2,PMEGP,3,10.0,2,26.1,6,12.7,0,7,272.6,False,False
p_070,CODE_SWITCHING,31,-4.556,LOW,-3.0,1,PMEGP,1,7.914062182837638,3,91.0,3,9.4,0,6,300.9,False,False
p_070,CODE_SWITCHING,31,-4.556,LOW,-3.0,1,PM_VISHWAKARMA,2,8.188313762059089,2,15.4,3,12.3,0,4,182.9,False,False
p_070,CODE_SWITCHING,31,-4.556,LOW,-3.0,1,PM_SVANIDHI,3,9.746813732665434,8,20.7,7,6.9,0,7,264.9,False,False
p_071,HINDI_ONLY,35,-0.556,LOW,-1.0,2,PM_VISHWAKARMA,1,6.83609063898066,3,12.5,4,8.9,0,6,173.6,False,False
p_071,HINDI_ONLY,35,-0.556,LOW,-1.0,2,PM_SVANIDHI,2,7.073923707312769,3,44.8,3,9.8,0,5,249.7,False,False
p_071,HINDI_ONLY,35,-0.556,LOW,-1.0,2,PMEGP,3,7.727075848428618,4,30.9,6,9.9,0,5,196.5,False,False
p_072,CODE_SWITCHING,43,7.444,HIGH,2.0,1,PMEGP,1,6.9227628839084225,6,18.0,3,7.2,0,3,171.0,False,False
p_072,CODE_SWITCHING,43,7.444,HIGH,2.0,1,PM_VISHWAKARMA,2,9.406276631467549,6,24.5,2,13.1,0,5,212.4,False,False
p_072,CODE_SWITCHING,43,7.444,HIGH,2.0,1,PM_SVANIDHI,3,8.754901015385846,1,78.4,2,8.6,0,6,213.3,False,False
p_073,ENGLISH_ONLY,36,0.444,HIGH,1.0,3,PM_SVANIDHI,1,6.066431052300622,5,8.8,6,10.4,0,4,180.8,False,False
p_073,ENGLISH_ONLY,36,0.444,HIGH,1.0,3,PMEGP,2,6.770209111771692,4,36.8,1,8.5,0,6,114.5,False,False
p_073,ENGLISH_ONLY,36,0.444,HIGH,1.0,3,PM_VISHWAKARMA,3,10.0,6,29.6,5,14.1,0,6,150.4,False,False
p_074,HINDI_ONLY,44,8.444,HIGH,0.0,1,PMEGP,1,6.376434990390312,5,34.5,2,15.3,0,4,183.9,False,False
p_074,HINDI_ONLY,44,8.444,HIGH,0.0,1,PM_VISHWAKARMA,2,8.879828973823786,5,12.5,5,12.1,0,7,214.0,False,False
p_074,HINDI_ONLY,44,8.444,HIGH,0.0,1,PM_SVANIDHI,3,6.859420079907125,2,38.1,4,12.2,0,3,198.3,False,False
p_075,ENGLISH_ONLY,34,-1.556,LOW,3.0,1,PMEGP,1,10.0,3,28.7,5,10.1,0,7,263.7,False,False
p_075,ENGLISH_ONLY,34,-1.556,LOW,3.0,1,PM_VISHWAKARMA,2,10.0,1,26.7,4,10.4,0,6,199.6,False,False
p_075,ENGLISH_ONLY,34,-1.556,LOW,3.0,1,PM_SVANIDHI,3,10.0,4,24.5,4,8.9,0,7,175.0,False,False
p_076,HINDI_ONLY,51,15.444,HIGH,0.0,1,PMEGP,1,6.017817346354672,4,28.2,3,13.6,0,5,135.9,False,False
p_076,HINDI_ONLY,51,15.444,HIGH,0.0,1,PM_VISHWAKARMA,2,6.305154298429764,3,20.7,3,13.8,0,5,122.5,False,False
p_076,HINDI_ONLY,51,15.444,HIGH,0.0,1,PM_SVANIDHI,3,10.0,3,17.0,2,12.4,0,6,143.5,False,False
p_077,CODE_SWITCHING,13,-22.556,LOW,-1.0,2,PM_VISHWAKARMA,1,6.435150027148507,0,81.9,5,7.0,0,7,111.4,False,False
p_077,CODE_SWITCHING,13,-22.556,LOW,-1.0,2,PM_SVANIDHI,2,7.710109792893352,6,23.3,2,11.6,0,4,149.4,False,False
p_077,CODE_SWITCHING,13,-22.556,LOW,-1.0,2,PMEGP,3,5.799282619613819,3,29.1,6,6.4,1,3,193.7,False,False
p_078,CODE_SWITCHING,36,0.444,HIGH,1.0,3,PM_SVANIDHI,1,9.038600783450288,5,37.1,4,7.4,0,7,198.6,False,False
p_078,CODE_SWITCHING,36,0.444,HIGH,1.0,3,PMEGP,2,9.837300685991096,6,12.7,4,11.7,0,7,146.7,False,False
p_078,CODE_SWITCHING,36,0.444,HIGH,1.0,3,PM_VISHWAKARMA,3,8.91831265593109,8,20.8,4,6.0,0,7,172.2,False,False
p_079,ENGLISH_ONLY,33,-2.556,LOW,-1.0,1,PMEGP,1,8.632160054095959,9,14.7,3,7.0,0,4,175.7,False,False
p_079,ENGLISH_ONLY,33,-2.556,LOW,-1.0,1,PM_VISHWAKARMA,2,7.574328964052877,3,105.5,2,9.4,0,6,215.7,False,False
p_079,ENGLISH_ONLY,33,-2.556,LOW,-1.0,1,PM_SVANIDHI,3,8.52868294772557,5,28.0,3,7.8,0,4,259.4,False,False
p_080,CODE_SWITCHING,48,12.444,HIGH,-2.0,1,PMEGP,1,10.0,4,52.0,2,9.6,0,5,199.9,False,False
p_080,CODE_SWITCHING,48,12.444,HIGH,-2.0,1,PM_VISHWAKARMA,2,8.783703523006313,4,19.6,2,9.4,0,7,152.7,False,False
p_080,CODE_SWITCHING,48,12.444,HIGH,-2.0,1,PM_SVANIDHI,3,10.0,5,23.3,4,9.3,0,5,260.6,False,False
p_081,HINDI_ONLY,36,0.444,HIGH,0.0,2,PM_VISHWAKARMA,1,9.213187253782156,4,34.7,7,13.4,0,7,174.5,False,False
p_081,HINDI_ONLY,36,0.444,HIGH,0.0,2,PM_SVANIDHI,2,7.275179101511678,3,25.8,3,9.4,0,5,323.7,False,False
p_081,HINDI_ONLY,36,0.444,HIGH,0.0,2,PMEGP,3,8.748889132548344,7,20.8,2,14.8,0,4,219.8,False,False
p_082,HINDI_ONLY,30,-5.556,LOW,1.0,3,PM_SVANIDHI,1,10.0,4,32.7,5,12.9,0,7,170.3,False,False
p_082,HINDI_ONLY,30,-5.556,LOW,1.0,3,PMEGP,2,5.412137918682722,1,22.2,5,12.9,1,5,193.0,False,False
p_082,HINDI_ONLY,30,-5.556,LOW,1.0,3,PM_VISHWAKARMA,3,10.0,5,16.3,3,11.8,0,6,236.7,False,False
p_083,CODE_SWITCHING,24,-11.556,LOW,1.0,2,PM_VISHWAKARMA,1,8.18341360918206,5,14.9,6,11.0,1,5,198.7,False,False
p_083,CODE_SWITCHING,24,-11.556,LOW,1.0,2,PM_SVANIDHI,2,10.0,3,19.3,5,8.6,0,5,257.5,False,False
p_083,CODE_SWITCHING,24,-11.556,LOW,1.0,2,PMEGP,3,10.0,1,31.6,1,9.3,0,5,179.0,False,False
p_084,CODE_SWITCHING,44,8.444,HIGH,2.0,1,PMEGP,1,9.6171743330489,1,25.8,2,11.0,0,5,156.4,False,False
p_084,CODE_SWITCHING,44,8.444,HIGH,2.0,1,PM_VISHWAKARMA,2,7.905245268074603,5,37.4,4,9.3,0,4,217.6,False,False
p_084,CODE_SWITCHING,44,8.444,HIGH,2.0,1,PM_SVANIDHI,3,7.91157532120078,2,23.7,6,7.8,0,7,213.0,False,False
p_085,CODE_SWITCHING,34,-1.556,LOW,1.0,2,PM_VISHWAKARMA,1,7.610943140894674,4,6.1,2,14.1,0,5,213.3,False,False
p_085,CODE_SWITCHING,34,-1.556,LOW,1.0,2,PM_SVANIDHI,2,6.605109725467907,4,11.0,4,10.6,0,5,175.4,False,False
p_085,CODE_SWITCHING,34,-1.556,LOW,1.0,2,PMEGP,3,6.71602620419166,3,36.6,5,9.5,1,7,201.8,False,False
p_086,HINDI_ONLY,30,-5.556,LOW,1.0,2,PM_VISHWAKARMA,1,4.668570103034476,6,54.7,2,11.2,0,4,142.8,False,False
p_086,HINDI_ONLY,30,-5.556,LOW,1.0,2,PM_SVANIDHI,2,7.655634525648547,2,29.0,2,11.5,0,4,218.9,False,False
p_086,HINDI_ONLY,30,-5.556,LOW,1.0,2,PMEGP,3,6.639676401735131,3,27.5,3,12.9,1,4,242.4,False,False
p_087,ENGLISH_ONLY,16,-19.556,LOW,0.0,2,PM_VISHWAKARMA,1,7.5601745451893025,3,16.7,5,7.0,0,6,162.5,False,False
p_087,ENGLISH_ONLY,16,-19.556,LOW,0.0,2,PM_SVANIDHI,2,6.4668678757474165,7,13.3,5,12.3,0,5,208.7,False,False
p_087,ENGLISH_ONLY,16,-19.556,LOW,0.0,2,PMEGP,3,8.224344273377014,8,18.5,3,11.6,0,4,222.0,False,False
p_088,ENGLISH_ONLY,35,-0.556,LOW,-3.0,3,PM_SVANIDHI,1,10.0,6,30.0,2,10.1,0,5,219.9,False,False
p_088,ENGLISH_ONLY,35,-0.556,LOW,-3.0,3,PMEGP,2,9.055625962206932,5,67.9,7,8.8,0,6,145.9,False,False
p_088,ENGLISH_ONLY,35,-0.556,LOW,-3.0,3,PM_VISHWAKARMA,3,10.0,3,22.5,3,6.7,0,6,161.4,False,False
p_089,CODE_SWITCHING,28,-7.556,LOW,2.0,2,PM_VISHWAKARMA,1,8.047777901805713,5,16.1,3,11.2,0,6,129.6,False,False
p_089,CODE_SWITCHING,28,-7.556,LOW,2.0,2,PM_SVANIDHI,2,6.986533465438478,6,38.7,2,9.2,0,5,171.0,False,False
p_089,CODE_SWITCHING,28,-7.556,LOW,2.0,2,PMEGP,3,10.0,2,21.8,4,8.6,0,6,172.3,False,False
p_090,ENGLISH_ONLY,34,-1.556,LOW,-2.0,2,PM_VISHWAKARMA,1,9.254197615912965,1,17.0,3,9.5,1,7,229.1,False,False
p_090,ENGLISH_ONLY,34,-1.556,LOW,-2.0,2,PM_SVANIDHI,2,10.0,2,35.4,4,6.5,0,6,174.8,False,False
p_090,ENGLISH_ONLY,34,-1.556,LOW,-2.0,2,PMEGP,3,9.556493085133273,4,7.6,4,13.0,0,7,144.4,False,False
p_091,CODE_SWITCHING,31,-4.556,LOW,1.0,3,PM_SVANIDHI,1,8.492911150651056,4,31.3,3,10.7,0,5,137.8,False,False
p_091,CODE_SWITCHING,31,-4.556,LOW,1.0,3,PMEGP,2,10.0,6,13.4,2,9.6,0,6,162.6,False,False
p_091,CODE_SWITCHING,31,-4.556,LOW,1.0,3,PM_VISHWAKARMA,3,10.0,4,30.6,5,8.1,0,5,115.8,False,False
p_092,HINDI_ONLY,31,-4.556,LOW,-3.0,1,PMEGP,1,4.190612834620487,4,35.8,4,12.3,0,5,153.5,False,False
p_092,HINDI_ONLY,31,-4.556,LOW,-3.0,1,PM_VISHWAKARMA,2,5.2572530624902765,2,15.6,5,14.0,0,3,264.9,False,False
p_092,HINDI_ONLY,31,-4.556,LOW,-3.0,1,PM_SVANIDHI,3,7.759621942289751,4,31.4,4,16.2,0,5,236.5,False,False
p_093,ENGLISH_ONLY,50,14.444,HIGH,3.0,2,PM_VISHWAKARMA,1,8.735683558666175,11,46.9,6,9.2,0,7,178.3,False,False
p_093,ENGLISH_ONLY,50,14.444,HIGH,3.0,2,PM_SVANIDHI,2,10.0,8,39.0,1,12.5,0,7,156.1,False,False
p_093,ENGLISH_ONLY,50,14.444,HIGH,3.0,2,PMEGP,3,8.945312027989802,3,18.0,5,13.4,0,5,158.3,False,False
p_094,CODE_SWITCHING,37,1.444,HIGH,0.0,2,PM_VISHWAKARMA,1,10.0,7,41.3,2,7.4,1,6,193.5,False,False
p_094,CODE_SWITCHING,37,1.444,HIGH,0.0,2,PM_SVANIDHI,2,9.062494206536924,3,24.6,3,11.9,0,5,98.0,False,False
p_094,CODE_SWITCHING,37,1.444,HIGH,0.0,2,PMEGP,3,7.834068443989706,1,14.6,3,7.0,0,4,131.8,False,False
p_095,HINDI_ONLY,46,10.444,HIGH,-2.0,2,PM_VISHWAKARMA,1,9.271464450106405,4,16.7,3,15.8,0,7,217.0,False,False
p_095,HINDI_ONLY,46,10.444,HIGH,-2.0,2,PM_SVANIDHI,2,10.0,7,26.9,2,18.6,0,7,218.8,False,False
p_095,HINDI_ONLY,46,10.444,HIGH,-2.0,2,PMEGP,3,8.704695817074711,4,37.7,5,14.9,0,5,158.5,False,False
p_096,ENGLISH_ONLY,32,-3.556,LOW,1.0,1,PMEGP,1,10.0,6,46.3,3,7.4,0,7,209.9,False,False
p_096,ENGLISH_ONLY,32,-3.556,LOW,1.0,1,PM_VISHWAKARMA,2,8.546840810361513,5,17.8,4,13.7,1,6,139.8,False,False
p_096,ENGLISH_ONLY,32,-3.556,LOW,1.0,1,PM_SVANIDHI,3,10.0,10,10.1,1,10.1,0,5,163.7,False,False
p_097,CODE_SWITCHING,43,7.444,HIGH,0.0,1,PMEGP,1,8.094429015672988,4,13.9,3,8.7,0,6,223.5,False,False
p_097,CODE_SWITCHING,43,7.444,HIGH,0.0,1,PM_VISHWAKARMA,2,10.0,8,12.8,2,11.5,0,7,205.6,False,False
p_097,CODE_SWITCHING,43,7.444,HIGH,0.0,1,PM_SVANIDHI,3,10.0,4,57.1,2,8.9,0,7,227.3,False,False
p_098,HINDI_ONLY,42,6.444,HIGH,-4.0,3,PM_SVANIDHI,1,7.19573549148305,1,36.3,8,7.3,0,6,187.4,False,False
p_098,HINDI_ONLY,42,6.444,HIGH,-4.0,3,PMEGP,2,9.910690326553063,2,19.2,4,18.0,1,7,181.8,False,False
p_098,HINDI_ONLY,42,6.444,HIGH,-4.0,3,PM_VISHWAKARMA,3,10.0,4,14.1,3,12.2,0,7,182.9,False,False
p_099,ENGLISH_ONLY,35,-0.556,LOW,2.0,3,PM_SVANIDHI,1,10.0,7,41.8,6,5.5,0,7,222.1,False,False
p_099,ENGLISH_ONLY,35,-0.556,LOW,2.0,3,PMEGP,2,9.454953057445703,4,20.6,6,12.3,0,5,195.0,False,False
p_099,ENGLISH_ONLY,35,-0.556,LOW,2.0,3,PM_VISHWAKARMA,3,7.909227741759272,7,18.9,4,5.6,0,6,223.9,False,False
p_100,ENGLISH_ONLY,43,7.444,HIGH,-2.0,2,PM_VISHWAKARMA,1,10.0,5,34.2,2,9.4,0,6,193.1,False,False
p_100,ENGLISH_ONLY,43,7.444,HIGH,-2.0,2,PM_SVANIDHI,2,10.0,2,10.2,6,7.0,0,6,222.0,False,False
p_100,ENGLISH_ONLY,43,7.444,HIGH,-2.0,2,PMEGP,3,9.632263548544264,5,68.6,2,6.3,0,6,165.1,False,False
p_101,CODE_SWITCHING,31,-4.556,LOW,2.0,1,PMEGP,1,10.0,3,16.3,5,7.8,0,3,170.3,False,False
p_101,CODE_SWITCHING,31,-4.556,LOW,2.0,1,PM_VISHWAKARMA,2,7.929094977133712,3,25.5,5,12.2,0,5,77.3,False,False
p_101,CODE_SWITCHING,31,-4.556,LOW,2.0,1,PM_SVANIDHI,3,10.0,4,18.0,2,8.2,0,5,215.5,False,False
p_102,HINDI_ONLY,16,-19.556,LOW,-2.0,1,PMEGP,1,5.781935452601143,4,40.8,1,13.0,1,5,209.4,False,False
p_102,HINDI_ONLY,16,-19.556,LOW,-2.0,1,PM_VISHWAKARMA,2,4.673030825718653,2,33.8,6,18.4,0,6,108.2,False,False
p_102,HINDI_ONLY,16,-19.556,LOW,-2.0,1,PM_SVANIDHI,3,7.85464067751482,3,71.8,2,13.9,0,6,158.7,False,False
p_103,CODE_SWITCHING,28,-7.556,LOW,-1.0,1,PMEGP,1,10.0,4,88.2,3,5.1,0,6,192.7,False,False
p_103,CODE_SWITCHING,28,-7.556,LOW,-1.0,1,PM_VISHWAKARMA,2,10.0,3,35.7,5,11.3,1,7,167.7,False,False
p_103,CODE_SWITCHING,28,-7.556,LOW,-1.0,1,PM_SVANIDHI,3,7.946044928522969,6,31.9,1,7.1,0,5,220.7,False,False
p_104,CODE_SWITCHING,38,2.444,HIGH,1.0,3,PM_SVANIDHI,1,10.0,4,66.0,5,12.8,0,6,231.1,False,False
p_104,CODE_SWITCHING,38,2.444,HIGH,1.0,3,PMEGP,2,8.362299760819734,8,28.4,3,13.9,0,5,115.4,False,False
p_104,CODE_SWITCHING,38,2.444,HIGH,1.0,3,PM_VISHWAKARMA,3,10.0,3,59.4,3,6.0,0,5,224.7,False,False
p_105,HINDI_ONLY,33,-2.556,LOW,0.0,1,PMEGP,1,6.9114922232760545,3,37.3,3,14.5,0,4,155.3,False,False
p_105,HINDI_ONLY,33,-2.556,LOW,0.0,1,PM_VISHWAKARMA,2,6.652440828079557,3,17.0,6,10.3,0,7,212.4,False,False
p_105,HINDI_ONLY,33,-2.556,LOW,0.0,1,PM_SVANIDHI,3,8.080783747765786,1,39.4,5,9.6,0,7,213.4,False,False
p_106,HINDI_ONLY,32,-3.556,LOW,3.0,2,PM_VISHWAKARMA,1,6.189316024983575,4,23.7,2,12.7,0,7,149.1,False,False
p_106,HINDI_ONLY,32,-3.556,LOW,3.0,2,PM_SVANIDHI,2,9.318395675559131,4,24.8,2,5.9,0,6,194.3,False,False
p_106,HINDI_ONLY,32,-3.556,LOW,3.0,2,PMEGP,3,9.10330118709193,3,14.8,3,6.8,0,7,232.8,False,False
p_107,HINDI_ONLY,29,-6.556,LOW,4.0,1,PMEGP,1,7.005811348248223,2,14.1,3,14.1,0,5,155.9,False,False
p_107,HINDI_ONLY,29,-6.556,LOW,4.0,1,PM_VISHWAKARMA,2,9.593450024566945,1,22.0,5,9.3,0,6,197.0,False,False
p_107,HINDI_ONLY,29,-6.556,LOW,4.0,1,PM_SVANIDHI,3,7.700324836341333,4,20.0,2,15.0,0,6,213.7,False,False
p_108,HINDI_ONLY,31,-4.556,LOW,-1.0,3,PM_SVANIDHI,1,5.380827253604014,4,20.5,6,14.9,0,5,84.8,False,False
p_108,HINDI_ONLY,31,-4.556,LOW,-1.0,3,PMEGP,2,5.654648030980727,4,30.3,4,14.0,1,6,88.0,False,False
p_108,HINDI_ONLY,31,-4.556,LOW,-1.0,3,PM_VISHWAKARMA,3,6.398658540339761,1,14.9,5,13.9,0,7,182.5,False,False
p_109,CODE_SWITCHING,43,7.444,HIGH,-1.0,3,PM_SVANIDHI,1,8.917352748215487,3,28.3,3,5.4,0,5,177.9,False,False
p_109,CODE_SWITCHING,43,7.444,HIGH,-1.0,3,PMEGP,2,10.0,6,15.5,2,13.8,0,7,135.1,False,False
p_109,CODE_SWITCHING,43,7.444,HIGH,-1.0,3,PM_VISHWAKARMA,3,8.079515057592168,6,13.4,4,15.4,0,7,228.1,False,False
p_110,HINDI_ONLY,22,-13.556,LOW,4.0,1,PMEGP,1,8.395705532899026,3,38.1,3,12.0,1,5,287.3,False,False
p_110,HINDI_ONLY,22,-13.556,LOW,4.0,1,PM_VISHWAKARMA,2,5.637508238522913,5,51.9,4,7.2,0,4,166.1,False,False
p_110,HINDI_ONLY,22,-13.556,LOW,4.0,1,PM_SVANIDHI,3,6.272567620064081,2,37.7,4,14.1,0,3,179.8,False,False
p_111,ENGLISH_ONLY,35,-0.556,LOW,0.0,2,PM_VISHWAKARMA,1,8.398260400078108,7,22.9,3,11.2,0,6,202.5,False,False
p_111,ENGLISH_ONLY,35,-0.556,LOW,0.0,2,PM_SVANIDHI,2,10.0,3,52.0,2,12.6,0,5,244.0,False,False
p_111,ENGLISH_ONLY,35,-0.556,LOW,0.0,2,PMEGP,3,9.805553146628952,2,16.6,4,9.3,0,4,213.3,False,False
p_112,ENGLISH_ONLY,38,2.444,HIGH,1.0,3,PM_SVANIDHI,1,10.0,3,23.0,3,15.3,0,4,172.3,False,False
p_112,ENGLISH_ONLY,38,2.444,HIGH,1.0,3,PMEGP,2,10.0,3,12.1,2,3.9,1,5,206.1,False,False
p_112,ENGLISH_ONLY,38,2.444,HIGH,1.0,3,PM_VISHWAKARMA,3,10.0,2,9.8,5,9.4,0,5,217.1,False,False
p_113,ENGLISH_ONLY,38,2.444,HIGH,0.0,3,PM_SVANIDHI,1,10.0,5,27.8,4,6.0,0,7,235.0,False,False
p_113,ENGLISH_ONLY,38,2.444,HIGH,0.0,3,PMEGP,2,9.418498200354959,4,11.3,1,8.5,0,5,203.8,False,False
p_113,ENGLISH_ONLY,38,2.444,HIGH,0.0,3,PM_VISHWAKARMA,3,10.0,5,11.3,5,12.4,0,7,146.4,False,False
p_114,CODE_SWITCHING,53,17.444,HIGH,3.0,1,PMEGP,1,9.187580757285348,1,52.2,3,12.5,1,7,177.0,False,False
p_114,CODE_SWITCHING,53,17.444,HIGH,3.0,1,PM_VISHWAKARMA,2,6.592230435946631,0,10.2,3,8.1,0,5,137.0,False,False
p_114,CODE_SWITCHING,53,17.444,HIGH,3.0,1,PM_SVANIDHI,3,8.584660929537968,2,19.9,5,4.6,1,5,186.4,False,False
p_115,HINDI_ONLY,42,6.444,HIGH,2.0,3,PM_SVANIDHI,1,6.267084808904183,4,24.4,2,11.5,0,3,229.7,False,False
p_115,HINDI_ONLY,42,6.444,HIGH,2.0,3,PMEGP,2,9.25137766343201,3,16.0,6,12.8,0,7,152.1,False,False
p_115,HINDI_ONLY,42,6.444,HIGH,2.0,3,PM_VISHWAKARMA,3,6.713586768661703,3,27.3,6,13.4,0,5,207.4,False,False
p_116,CODE_SWITCHING,36,0.444,HIGH,3.0,1,PMEGP,1,10.0,1,33.2,1,9.4,0,6,168.5,False,False
p_116,CODE_SWITCHING,36,0.444,HIGH,3.0,1,PM_VISHWAKARMA,2,10.0,3,14.2,4,12.6,0,7,123.7,False,False
p_116,CODE_SWITCHING,36,0.444,HIGH,3.0,1,PM_SVANIDHI,3,10.0,0,23.4,5,13.0,0,6,202.3,False,False
p_117,CODE_SWITCHING,53,17.444,HIGH,-1.0,2,PM_VISHWAKARMA,1,10.0,5,25.2,5,5.6,0,7,138.8,False,False
p_117,CODE_SWITCHING,53,17.444,HIGH,-1.0,2,PM_SVANIDHI,2,9.248888425072247,2,84.0,3,9.9,0,6,87.3,False,False
p_117,CODE_SWITCHING,53,17.444,HIGH,-1.0,2,PMEGP,3,10.0,5,24.1,2,10.4,0,5,187.6,False,False
p_118,CODE_SWITCHING,26,-9.556,LOW,2.0,1,PMEGP,1,8.882619147397302,6,14.4,5,6.4,0,4,166.6,False,False
p_118,CODE_SWITCHING,26,-9.556,LOW,2.0,1,PM_VISHWAKARMA,2,7.4339938230558795,6,41.5,3,8.0,0,4,212.2,False,False
p_118,CODE_SWITCHING,26,-9.556,LOW,2.0,1,PM_SVANIDHI,3,5.267544968650528,4,17.8,5,8.5,0,3,219.1,False,False
p_119,CODE_SWITCHING,37,1.444,HIGH,-2.0,1,PMEGP,1,9.479514690507168,4,20.1,1,5.2,0,7,251.2,False,False
p_119,CODE_SWITCHING,37,1.444,HIGH,-2.0,1,PM_VISHWAKARMA,2,8.116215362786413,5,10.9,4,9.9,1,5,168.2,False,False
p_119,CODE_SWITCHING,37,1.444,HIGH,-2.0,1,PM_SVANIDHI,3,10.0,4,17.8,5,8.0,0,6,159.1,False,False
p_120,CODE_SWITCHING,37,1.444,HIGH,3.0,1,PMEGP,1,9.896246006619808,7,21.1,2,13.5,0,7,207.4,False,False
p_120,CODE_SWITCHING,37,1.444,HIGH,3.0,1,PM_VISHWAKARMA,2,10.0,2,7.2,6,15.2,0,6,247.4,False,False
p_120,CODE_SWITCHING,37,1.444,HIGH,3.0,1,PM_SVANIDHI,3,9.883577583898694,3,20.4,4,10.2,0,7,182.0,False,False
p_121,HINDI_ONLY,37,1.444,HIGH,2.0,3,PM_SVANIDHI,1,9.716297995824224,2,17.4,7,10.7,0,5,295.4,False,False
p_121,HINDI_ONLY,37,1.444,HIGH,2.0,3,PMEGP,2,5.164433163343569,4,21.2,2,12.3,0,7,222.0,False,False
p_121,HINDI_ONLY,37,1.444,HIGH,2.0,3,PM_VISHWAKARMA,3,5.428768229671846,0,16.7,4,14.5,0,4,190.9,False,False
p_122,HINDI_ONLY,23,-12.556,LOW,1.0,1,PMEGP,1,5.868041556689729,1,34.6,2,10.3,0,5,121.7,False,False
p_122,HINDI_ONLY,23,-12.556,LOW,1.0,1,PM_VISHWAKARMA,2,4.621844815194112,3,109.5,1,14.5,0,4,137.7,False,False
p_122,HINDI_ONLY,23,-12.556,LOW,1.0,1,PM_SVANIDHI,3,3.4860075003665623,4,27.1,6,13.0,0,4,173.7,False,False
p_123,HINDI_ONLY,24,-11.556,LOW,1.0,2,PM_VISHWAKARMA,1,2.7304513644888493,3,12.4,6,6.7,0,3,229.2,False,False
p_123,HINDI_ONLY,24,-11.556,LOW,1.0,2,PM_SVANIDHI,2,6.3046471909062065,1,144.6,5,12.4,0,5,253.2,False,False
p_123,HINDI_ONLY,24,-11.556,LOW,1.0,2,PMEGP,3,5.693551451745977,4,19.1,3,11.2,0,5,270.9,False,False
p_124,HINDI_ONLY,43,7.444,HIGH,-4.0,3,PM_SVANIDHI,1,8.020512208914152,1,29.0,5,14.2,0,6,238.4,False,False
p_124,HINDI_ONLY,43,7.444,HIGH,-4.0,3,PMEGP,2,6.920088600177652,3,15.5,1,13.7,0,5,231.8,False,False
p_124,HINDI_ONLY,43,7.444,HIGH,-4.0,3,PM_VISHWAKARMA,3,7.975960248360541,1,44.4,3,16.1,0,6,198.8,False,False
p_125,ENGLISH_ONLY,50,14.444,HIGH,0.0,3,PM_SVANIDHI,1,9.825072940434291,4,23.2,3,10.5,0,7,187.4,False,False
p_125,ENGLISH_ONLY,50,14.444,HIGH,0.0,3,PMEGP,2,9.94048730121792,5,22.8,4,9.3,1,7,181.1,False,False
p_125,ENGLISH_ONLY,50,14.444,HIGH,0.0,3,PM_VISHWAKARMA,3,10.0,2,38.3,4,11.7,0,4,182.6,False,False
p_126,HINDI_ONLY,34,-1.556,LOW,1.0,2,PM_VISHWAKARMA,1,9.646770848283081,3,25.9,6,11.6,0,6,193.2,False,False
p_126,HINDI_ONLY,34,-1.556,LOW,1.0,2,PM_SVANIDHI,2,10.0,2,15.5,5,14.5,0,7,162.3,False,False
p_126,HINDI_ONLY,34,-1.556,LOW,1.0,2,PMEGP,3,8.31999162406973,1,5.0,6,11.5,0,5,233.1,False,False
p_127,HINDI_ONLY,50,14.444,HIGH,2.0,3,PM_SVANIDHI,1,10.0,5,28.0,1,8.7,0,6,137.1,False,False
p_127,HINDI_ONLY,50,14.444,HIGH,2.0,3,PMEGP,2,7.403306739161138,3,23.9,4,10.5,0,5,204.0,False,False
p_127,HINDI_ONLY,50,14.444,HIGH,2.0,3,PM_VISHWAKARMA,3,6.431014025111631,5,20.3,3,17.9,1,4,240.1,False,False
p_128,CODE_SWITCHING,43,7.444,HIGH,3.0,3,PM_SVANIDHI,1,10.0,2,42.9,3,10.9,0,7,125.8,False,False
p_128,CODE_SWITCHING,43,7.444,HIGH,3.0,3,PMEGP,2,10.0,6,26.5,3,8.5,0,7,188.5,False,False
p_128,CODE_SWITCHING,43,7.444,HIGH,3.0,3,PM_VISHWAKARMA,3,10.0,5,20.2,2,9.8,0,7,118.1,False,False
p_129,CODE_SWITCHING,39,3.444,HIGH,3.0,3,PM_SVANIDHI,1,8.551997858755536,4,66.9,2,13.8,0,4,267.9,False,False
p_129,CODE_SWITCHING,39,3.444,HIGH,3.0,3,PMEGP,2,10.0,6,21.7,5,7.8,0,7,179.9,False,False
p_129,CODE_SWITCHING,39,3.444,HIGH,3.0,3,PM_VISHWAKARMA,3,9.998912135334564,5,20.3,2,8.5,0,7,254.8,False,False
p_130,ENGLISH_ONLY,42,6.444,HIGH,2.0,3,PM_SVANIDHI,1,9.049521583666522,3,14.6,5,9.8,0,7,185.2,False,False
p_130,ENGLISH_ONLY,42,6.444,HIGH,2.0,3,PMEGP,2,10.0,4,9.6,4,11.0,0,4,143.6,False,False
p_130,ENGLISH_ONLY,42,6.444,HIGH,2.0,3,PM_VISHWAKARMA,3,6.4619617927810795,4,29.7,5,10.0,0,5,225.3,False,False
p_131,ENGLISH_ONLY,27,-8.556,LOW,-1.0,3,PM_SVANIDHI,1,8.598289643521495,5,66.0,5,10.5,0,6,229.2,False,False
p_131,ENGLISH_ONLY,27,-8.556,LOW,-1.0,3,PMEGP,2,10.0,4,26.9,3,9.8,0,6,208.2,False,False
p_131,ENGLISH_ONLY,27,-8.556,LOW,-1.0,3,PM_VISHWAKARMA,3,10.0,5,39.3,2,13.6,0,5,161.1,False,False
p_132,HINDI_ONLY,30,-5.556,LOW,0.0,3,PM_SVANIDHI,1,6.513343419846478,3,56.4,5,12.6,0,5,154.2,False,False
p_132,HINDI_ONLY,30,-5.556,LOW,0.0,3,PMEGP,2,8.96351198863982,7,17.9,2,13.0,0,7,192.3,False,False
p_132,HINDI_ONLY,30,-5.556,LOW,0.0,3,PM_VISHWAKARMA,3,9.283171761206741,0,20.6,5,10.7,0,6,163.8,False,False
p_133,ENGLISH_ONLY,43,7.444,HIGH,-2.0,1,PMEGP,1,10.0,6,10.0,2,13.5,0,6,255.6,False,False
p_133,ENGLISH_ONLY,43,7.444,HIGH,-2.0,1,PM_VISHWAKARMA,2,9.490366982865265,7,29.6,4,12.4,0,6,147.7,False,False
p_133,ENGLISH_ONLY,43,7.444,HIGH,-2.0,1,PM_SVANIDHI,3,9.461282990225357,9,18.8,3,16.6,0,6,117.0,False,False
p_134,HINDI_ONLY,35,-0.556,LOW,0.0,1,PMEGP,1,4.769259760305022,2,27.9,7,17.0,0,6,137.2,False,False
p_134,HINDI_ONLY,35,-0.556,LOW,0.0,1,PM_VISHWAKARMA,2,5.8449211268943415,4,55.4,4,14.8,0,4,226.0,False,False
p_134,HINDI_ONLY,35,-0.556,LOW,0.0,1,PM_SVANIDHI,3,10.0,3,15.9,1,15.9,0,4,203.7,False,False
p_135,CODE_SWITCHING,26,-9.556,LOW,2.0,1,PMEGP,1,10.0,4,84.4,2,7.0,0,7,182.3,False,False
p_135,CODE_SWITCHING,26,-9.556,LOW,2.0,1,PM_VISHWAKARMA,2,10.0,4,10.1,2,11.8,0,7,249.3,False,False
p_135,CODE_SWITCHING,26,-9.556,LOW,2.0,1,PM_SVANIDHI,3,10.0,1,29.9,8,16.8,0,7,205.7,False,False
p_136,ENGLISH_ONLY,54,18.444,HIGH,5.0,2,PM_VISHWAKARMA,1,10.0,3,20.4,2,12.2,0,6,145.3,False,False
p_136,ENGLISH_ONLY,54,18.444,HIGH,5.0,2,PM_SVANIDHI,2,10.0,6,41.2,3,12.2,0,6,163.9,False,False
p_136,ENGLISH_ONLY,54,18.444,HIGH,5.0,2,PMEGP,3,10.0,5,23.1,2,7.1,0,5,141.9,False,False
p_137,CODE_SWITCHING,30,-5.556,LOW,-3.0,3,PM_SVANIDHI,1,6.975951408716728,6,12.8,4,9.5,0,4,169.7,False,False
p_137,CODE_SWITCHING,30,-5.556,LOW,-3.0,3,PMEGP,2,10.0,6,40.4,3,8.3,0,6,140.9,False,False
p_137,CODE_SWITCHING,30,-5.556,LOW,-3.0,3,PM_VISHWAKARMA,3,6.451334447140717,4,91.7,7,10.9,0,6,148.7,False,False
p_138,HINDI_ONLY,40,4.444,HIGH,3.0,3,PM_SVANIDHI,1,9.112229816723069,1,21.3,1,11.5,0,4,152.1,False,False
p_138,HINDI_ONLY,40,4.444,HIGH,3.0,3,PMEGP,2,9.239567730835802,6,26.7,5,15.6,0,7,205.1,False,False
p_138,HINDI_ONLY,40,4.444,HIGH,3.0,3,PM_VISHWAKARMA,3,4.954461005544625,3,18.9,4,14.3,0,6,242.5,False,False
p_139,ENGLISH_ONLY,40,4.444,HIGH,-2.0,2,PM_VISHWAKARMA,1,10.0,2,16.9,5,9.2,0,7,187.6,False,False
p_139,ENGLISH_ONLY,40,4.444,HIGH,-2.0,2,PM_SVANIDHI,2,6.928668288097792,7,20.2,2,10.9,0,7,152.8,False,False
p_139,ENGLISH_ONLY,40,4.444,HIGH,-2.0,2,PMEGP,3,8.26323138722087,5,13.2,4,9.2,0,6,257.1,False,False
p_140,ENGLISH_ONLY,24,-11.556,LOW,-1.0,3,PM_SVANIDHI,1,8.040037067201329,5,29.9,1,9.7,0,3,109.0,False,False
p_140,ENGLISH_ONLY,24,-11.556,LOW,-1.0,3,PMEGP,2,9.897320549110988,8,56.5,4,7.6,0,7,171.8,False,False
p_140,ENGLISH_ONLY,24,-11.556,LOW,-1.0,3,PM_VISHWAKARMA,3,9.922138052475026,3,15.9,4,10.4,0,7,123.7,False,False
p_141,CODE_SWITCHING,36,0.444,HIGH,-1.0,3,PM_SVANIDHI,1,10.0,0,16.3,3,10.7,0,7,198.7,False,False
p_141,CODE_SWITCHING,36,0.444,HIGH,-1.0,3,PMEGP,2,6.726362766587135,4,14.0,3,9.1,0,6,198.3,False,False
p_141,CODE_SWITCHING,36,0.444,HIGH,-1.0,3,PM_VISHWAKARMA,3,10.0,6,19.2,4,13.0,0,7,193.1,False,False
p_142,CODE_SWITCHING,38,2.444,HIGH,1.0,2,PM_VISHWAKARMA,1,10.0,0,16.8,3,10.9,0,5,204.3,False,False
p_142,CODE_SWITCHING,38,2.444,HIGH,1.0,2,PM_SVANIDHI,2,9.669679963636991,2,7.9,4,11.1,0,7,174.7,False,False
p_142,CODE_SWITCHING,38,2.444,HIGH,1.0,2,PMEGP,3,10.0,4,21.9,2,12.0,0,5,157.5,False,False
p_143,HINDI_ONLY,41,5.444,HIGH,2.0,3,PM_SVANIDHI,1,7.873584798574237,4,10.0,3,15.4,0,4,141.0,False,False
p_143,HINDI_ONLY,41,5.444,HIGH,2.0,3,PMEGP,2,8.42579733522089,1,45.8,3,12.6,0,5,201.1,False,False
p_143,HINDI_ONLY,41,5.444,HIGH,2.0,3,PM_VISHWAKARMA,3,10.0,3,37.1,4,7.7,1,6,206.8,False,False
p_144,HINDI_ONLY,31,-4.556,LOW,0.0,3,PM_SVANIDHI,1,8.607264445872335,3,16.1,4,8.0,0,6,147.3,False,False
p_144,HINDI_ONLY,31,-4.556,LOW,0.0,3,PMEGP,2,6.985957322737665,1,22.6,3,13.2,0,5,135.8,False,False
p_144,HINDI_ONLY,31,-4.556,LOW,0.0,3,PM_VISHWAKARMA,3,6.440092275534591,3,77.7,5,15.0,1,4,196.5,False,False
