participant_id,assigned_arm,ails_score,language_dominance_index,stratum,order_id,scenario,position,doc_clicks,doc_duration_raw,doc_duration_log,prompt_count,decision_quality,nasa_tlx_composite,decision_confidence,automation_bias_indicator,language_leakage_flag,speeding_flag,status
p_human_01_uuid4,ENGLISH_ONLY,33,-1.0,LOW,ORDER_1,PMEGP,1,4,221.3,5.3995,3,5.0,7.17,6,0,0,0,COMPLETE
p_human_01_uuid4,ENGLISH_ONLY,33,-1.0,LOW,ORDER_1,PM_VISHWAKARMA,2,1,32.0,3.4657,5,0.0,7.17,6,0,0,0,COMPLETE
p_human_01_uuid4,ENGLISH_ONLY,33,-1.0,LOW,ORDER_1,PM_SVANIDHI,3,1,135.2,4.9068,5,0.0,7.17,7,0,0,0,COMPLETE
p_human_02_uuid4,HINDI_ONLY,22,-3.0,LOW,ORDER_2,PM_VISHWAKARMA,1,2,127.3,4.8465,4,0.0,7.17,7,0,0,0,COMPLETE
p_human_02_uuid4,HINDI_ONLY,22,-3.0,LOW,ORDER_2,PM_SVANIDHI,2,1,51.5,3.9416,3,0.0,7.17,5,0,0,0,COMPLETE
p_human_02_uuid4,HINDI_ONLY,22,-3.0,LOW,ORDER_2,PMEGP,3,3,33.9,3.5234,3,5.0,7.17,5,0,0,0,COMPLETE
p_human_03_uuid4,ENGLISH_ONLY,27,1.0,LOW,ORDER_3,PM_SVANIDHI,1,5,152.6,5.0278,4,0.0,7.17,6,0,0,0,COMPLETE
p_human_03_uuid4,ENGLISH_ONLY,27,1.0,LOW,ORDER_3,PMEGP,2,4,55.8,4.0218,2,5.0,7.17,7,0,0,0,COMPLETE
p_human_03_uuid4,ENGLISH_ONLY,27,1.0,LOW,ORDER_3,PM_VISHWAKARMA,3,4,36.2,3.5891,5,0.0,7.17,6,0,0,0,COMPLETE
p_human_04_uuid4,CODE_SWITCHING,32,-1.0,LOW,ORDER_1,PMEGP,1,1,233.0,5.451,3,5.0,7.17,5,0,0,0,COMPLETE
p_human_04_uuid4,CODE_SWITCHING,32,-1.0,LOW,ORDER_1,PM_VISHWAKARMA,2,5,186.0,5.2257,5,0.0,7.17,5,0,0,0,COMPLETE
p_human_04_uuid4,CODE_SWITCHING,32,-1.0,LOW,ORDER_1,PM_SVANIDHI,3,1,70.7,4.2584,3,0.0,7.17,7,0,0,0,COMPLETE
p_human_05_uuid4,CODE_SWITCHING,30,1.0,LOW,ORDER_2,PM_VISHWAKARMA,1,3,117.1,4.763,3,0.0,7.17,6,0,0,0,COMPLETE
p_human_05_uuid4,CODE_SWITCHING,30,1.0,LOW,ORDER_2,PM_SVANIDHI,2,3,106.7,4.67,4,0.0,7.17,5,0,0,0,COMPLETE
p_human_05_uuid4,CODE_SWITCHING,30,1.0,LOW,ORDER_2,PMEGP,3,5,35.9,3.5807,3,5.0,7.17,7,0,0,0,COMPLETE
p_human_06_uuid4,HINDI_ONLY,25,-1.0,LOW,ORDER_3,PM_SVANIDHI,1,5,40.8,3.7087,3,0.0,7.17,6,0,0,0,COMPLETE
p_human_06_uuid4,HINDI_ONLY,25,-1.0,LOW,ORDER_3,PMEGP,2,3,184.9,5.2198,2,5.0,7.17,7,0,0,0,COMPLETE
p_human_06_uuid4,HINDI_ONLY,25,-1.0,LOW,ORDER_3,PM_VISHWAKARMA,3,1,171.9,5.1469,2,0.0,7.17,5,0,0,0,COMPLETE
p_human_07_uuid4,CODE_SWITCHING,28,1.0,LOW,ORDER_1,PMEGP,1,1,223.9,5.4112,3,5.0,7.17,5,0,0,0,COMPLETE
p_human_07_uuid4,CODE_SWITCHING,28,1.0,LOW,ORDER_1,PM_VISHWAKARMA,2,5,147.9,4.9965,2,0.0,7.17,7,0,0,0,COMPLETE
p_human_07_uuid4,CODE_SWITCHING,28,1.0,LOW,ORDER_1,PM_SVANIDHI,3,5,186.1,5.2263,4,0.0,7.17,6,0,0,0,COMPLETE
p_human_08_uuid4,HINDI_ONLY,25,-6.0,LOW,ORDER_2,PM_VISHWAKARMA,1,5,110.0,4.7005,2,0.0,7.17,5,0,0,0,COMPLETE
p_human_08_uuid4,HINDI_ONLY,25,-6.0,LOW,ORDER_2,PM_SVANIDHI,2,3,183.5,5.2122,3,0.0,7.17,7,0,0,0,COMPLETE
p_human_08_uuid4,HINDI_ONLY,25,-6.0,LOW,ORDER_2,PMEGP,3,4,113.1,4.7283,3,5.0,7.17,5,0,0,0,COMPLETE
p_human_09_uuid4,ENGLISH_ONLY,34,-1.0,LOW,ORDER_3,PM_SVANIDHI,1,3,30.4,3.4144,5,0.0,7.17,6,0,0,0,COMPLETE
p_human_09_uuid4,ENGLISH_ONLY,34,-1.0,LOW,ORDER_3,PMEGP,2,3,200.7,5.3018,4,5.0,7.17,6,0,0,0,COMPLETE
p_human_09_uuid4,ENGLISH_ONLY,34,-1.0,LOW,ORDER_3,PM_VISHWAKARMA,3,2,233.4,5.4528,3,0.0,7.17,5,0,0,0,COMPLETE
p_human_10_uuid4,HINDI_ONLY,38,-3.0,HIGH,ORDER_1,PMEGP,1,5,65.7,4.1851,3,5.0,7.17,5,0,0,0,COMPLETE
p_human_10_uuid4,HINDI_ONLY,38,-3.0,HIGH,ORDER_1,PM_VISHWAKARMA,2,4,54.0,3.989,3,0.0,7.17,7,0,0,0,COMPLETE
p_human_10_uuid4,HINDI_ONLY,38,-3.0,HIGH,ORDER_1,PM_SVANIDHI,3,1,239.1,5.4769,5,0.0,7.17,7,0,0,0,COMPLETE
p_human_11_uuid4,ENGLISH_ONLY,43,0.0,HIGH,ORDER_2,PM_VISHWAKARMA,1,3,30.0,3.4012,5,0.0,7.17,5,0,0,0,COMPLETE
p_human_11_uuid4,ENGLISH_ONLY,43,0.0,HIGH,ORDER_2,PM_SVANIDHI,2,5,130.4,4.8706,5,0.0,7.17,7,0,0,0,COMPLETE
p_human_11_uuid4,ENGLISH_ONLY,43,0.0,HIGH,ORDER_2,PMEGP,3,5,108.9,4.6904,3,5.0,7.17,7,0,0,0,COMPLETE
p_human_12_uuid4,CODE_SWITCHING,48,-3.0,HIGH,ORDER_3,PM_SVANIDHI,1,3,236.1,5.4643,2,0.0,7.17,7,0,0,0,COMPLETE
p_human_12_uuid4,CODE_SWITCHING,48,-3.0,HIGH,ORDER_3,PMEGP,2,2,105.9,4.6625,4,5.0,7.17,5,0,0,0,COMPLETE
p_human_12_uuid4,CODE_SWITCHING,48,-3.0,HIGH,ORDER_3,PM_VISHWAKARMA,3,1,92.9,4.5315,2,0.0,7.17,6,0,0,0,COMPLETE
p_human_13_uuid4,HINDI_ONLY,46,-1.0,HIGH,ORDER_1,PMEGP,1,3,179.4,5.1896,5,5.0,7.17,5,0,0,0,COMPLETE
p_human_13_uuid4,HINDI_ONLY,46,-1.0,HIGH,ORDER_1,PM_VISHWAKARMA,2,3,25.4,3.2347,3,0.0,7.17,7,0,0,0,COMPLETE
p_human_13_uuid4,HINDI_ONLY,46,-1.0,HIGH,ORDER_1,PM_SVANIDHI,3,3,122.0,4.804,5,0.0,7.17,6,0,0,0,COMPLETE
p_human_14_uuid4,ENGLISH_ONLY,42,-4.0,HIGH,ORDER_2,PM_VISHWAKARMA,1,5,112.9,4.7265,2,0.0,7.17,5,0,0,0,COMPLETE
p_human_14_uuid4,ENGLISH_ONLY,42,-4.0,HIGH,ORDER_2,PM_SVANIDHI,2,2,227.1,5.4254,3,0.0,7.17,7,0,0,0,COMPLETE
p_human_14_uuid4,ENGLISH_ONLY,42,-4.0,HIGH,ORDER_2,PMEGP,3,2,26.0,3.2581,5,5.0,7.17,5,0,0,0,COMPLETE
p_human_15_uuid4,CODE_SWITCHING,39,1.0,HIGH,ORDER_3,PM_SVANIDHI,1,3,133.1,4.8911,4,0.0,7.17,6,0,0,0,COMPLETE
p_human_15_uuid4,CODE_SWITCHING,39,1.0,HIGH,ORDER_3,PMEGP,2,3,165.1,5.1066,2,5.0,7.17,6,0,0,0,COMPLETE
p_human_15_uuid4,CODE_SWITCHING,39,1.0,HIGH,ORDER_3,PM_VISHWAKARMA,3,5,53.2,3.9741,4,0.0,7.17,7,0,0,0,COMPLETE
p_human_16_uuid4,HINDI_ONLY,43,-4.0,HIGH,ORDER_1,PMEGP,1,3,232.9,5.4506,3,5.0,7.17,6,0,0,0,COMPLETE
p_human_16_uuid4,HINDI_ONLY,43,-4.0,HIGH,ORDER_1,PM_VISHWAKARMA,2,1,144.0,4.9698,4,0.0,7.17,7,0,0,0,COMPLETE
p_human_16_uuid4,HINDI_ONLY,43,-4.0,HIGH,ORDER_1,PM_SVANIDHI,3,1,137.6,4.9244,3,0.0,7.17,5,0,0,0,COMPLETE
p_human_17_uuid4,CODE_SWITCHING,41,-1.0,HIGH,ORDER_2,PM_VISHWAKARMA,1,3,164.6,5.1035,3,0.0,7.17,6,0,0,0,COMPLETE
p_human_17_uuid4,CODE_SWITCHING,41,-1.0,HIGH,ORDER_2,PM_SVANIDHI,2,5,149.5,5.0073,3,0.0,7.17,6,0,0,0,COMPLETE
p_human_17_uuid4,CODE_SWITCHING,41,-1.0,HIGH,ORDER_2,PMEGP,3,2,76.2,4.3334,3,5.0,7.17,6,0,0,0,COMPLETE
p_human_18_uuid4,ENGLISH_ONLY,53,-4.0,HIGH,ORDER_3,PM_SVANIDHI,1,1,127.5,4.8481,5,0.0,7.17,7,0,0,0,COMPLETE
p_human_18_uuid4,ENGLISH_ONLY,53,-4.0,HIGH,ORDER_3,PMEGP,2,2,144.8,4.9754,3,5.0,7.17,6,0,0,0,COMPLETE
p_human_18_uuid4,ENGLISH_ONLY,53,-4.0,HIGH,ORDER_3,PM_VISHWAKARMA,3,5,225.8,5.4196,5,0.0,7.17,5,0,0,0,COMPLETE
